neighborhood,zipcode,latitude,longitude
South Boston,02127,42.32730952,-71.05516051
South Boston / South Boston Waterfront,02210,42.34981951,-71.04804044
Dorchester,02124,42.29146234,-71.07557624
Boston,02109,42.36055306,-71.05471154
Boston,02210,42.35201013,-71.04708258
Boston,"02115",42.34350733,-71.08372098
West Roxbury,02132,42.29064967,-71.16314083
Boston,02116,42.34657869,-71.07535827
Dorchester,02125,42.32135952,-71.05829053
Dorchester,02126,42.27144955,-71.07436068
Greater Mattapan,02124,42.29059957,-71.09145067
Greater Mattapan,02124,42.29079563,-71.09125571
South End,02118,42.34097176,-71.0766507
Downtown / Financial District,02111,42.35203138,-71.05503877
Dorchester,02125,42.31420952,-71.05777054
Roxbury,02119,42.31935958,-71.09991063
South Boston / South Boston Waterfront,02118,42.33296954,-71.06962053
Hyde Park,02136,42.25053145,-71.12921078
Hyde Park,02136,42.26450961,-71.11773079
Dorchester,02124,42.28873953,-71.06158061
Allston / Brighton,02135,42.35174964,-71.15153067
Charlestown,02129,42.38019697,-71.07227369
Charlestown,02129,42.37970567,-71.07294006
Hyde Park,02131,42.27313962,-71.12680079
Downtown / Financial District,02109,42.36087952,-71.05498043
Dorchester,02122,42.28977951,-71.05030058
Greater Mattapan,02124,42.29096957,-71.09088067
Hyde Park,02131,42.27273962,-71.12639079
Jamaica Plain,02130,42.32513459,-71.10611763
Mattapan,02126,42.26779652,-71.09287736
Hyde Park,02136,42.25897962,-71.12088081
Hyde Park,02136,42.2460906,-71.12014549
Jamaica Plain,02130,42.30599959,-71.10960068
South Boston / South Boston Waterfront,02127,42.34036951,-71.05086047
Dorchester,02122,42.31033953,-71.06218056
East Boston,02128,42.38522946,-71.01370029
East Boston,02128,42.38693999,-71.00919879
Roxbury,02125,42.31867955,-71.07528057
Roxbury,02119,42.32643355,-71.08174657
Roslindale,02131,42.27239448,-71.1263579
Charlestown,02129,42.37546643,-71.06944455
Back Bay,02215,42.34969956,-71.08921054
Brighton,02135,42.33386731,-71.16724907
Roxbury,02119,42.33276153,-71.08324691
Allston / Brighton,02135,42.34563966,-71.16327071
Roxbury,02119,42.31428449,-71.09813801
Jamaica Plain,02130,42.31616958,-71.10333064
Allston / Brighton,02134,42.36170962,-71.13553061
Jamaica Plain,02130,42.30889958,-71.09939065
Roxbury,02121,42.31090957,-71.09088063
Mission Hill,02120,42.33596357,-71.09670358
Allston / Brighton,02135,42.33974964,-71.14693069
Mission Hill,02120,42.32863958,-71.0978206
Roxbury,02119,42.31883561,-71.1013246
Jamaica Plain,02119,42.31907958,-71.10020063
Allston / Brighton,02135,42.34023964,-71.14969069
Boston,02215,42.34917742,-71.09657571
Dorchester,02122,42.28819952,-71.0548706
Roxbury,02119,42.32328726,-71.09236091
Allston / Brighton,02135,42.33361365,-71.15314372
South End,02118,42.34402153,-71.0666305
Roslindale,02131,42.2881596,-71.10842072
Back Bay,02116,42.35233855,-71.07823951
Roslindale,02131,42.29242962,-71.13025076
Greater Mattapan,02124,42.28764957,-71.08673067
Brighton,02135,42.34550844,-71.13840545
Allston / Brighton,02135,42.34011003,-71.15821324
East Boston,02128,42.36590949,-71.03554038
Hyde Park,02131,42.27313962,-71.12680079
Greater Mattapan,02126,42.27722959,-71.10588074
Hyde Park,02136,42.25198965,-71.14123087
Jamaica Plain,02119,42.31624958,-71.09939063
Roxbury,02119,42.31906479,-71.10222353
South End,02118,42.34405653,-71.06511749
South End,02118,42.34355553,-71.06504049
Dorchester,02124,42.27870953,-71.06090063
Jamaica Plain,02130,42.30889958,-71.09939065
East Boston,02128,42.39076944,-71.00020024
Allston / Brighton,02135,42.34997964,-71.15106067
Allston / Brighton,02134,42.3599266,-71.11927558
Charlestown,02129,42.38209954,-71.07174042
Downtown / Financial District,02109,42.36606751,-71.05180641
Hyde Park,02136,42.24507081,-71.12206009
Hyde Park,02136,42.24948961,-71.11345081
Allston / Brighton,02134,42.34935962,-71.13696064
West Roxbury,02132,42.28010966,-71.15517084
Downtown / Financial District,02111,42.35154152,-71.05658146
Beacon Hill,02114,42.36020953,-71.06753046
Hyde Park,02131,42.27152962,-71.12337079
Dorchester,02124,42.2873163,-71.06477155
Allston / Brighton,02134,42.35855961,-71.1252306
South End,02116,42.34645954,-71.0713005
Back Bay,"02115",42.34320956,-71.08515054
Greater Mattapan,02126,42.26994552,-71.09401072
Dorchester,02124,42.27272438,-71.06603322
Greater Mattapan,02126,42.27097959,-71.10406075
Dorchester,02124,42.2834193,-71.06516283
Allston / Brighton,02135,42.35599966,-71.16639069
Boston,02116,42.34657869,-71.07535827
Boston,02210,42.35338951,-71.05284045
Allston / Brighton,02135,42.34640366,-71.16683872
Roslindale,02131,42.29464963,-71.13124075
Hyde Park,02126,42.2731896,-71.11004075
West Roxbury,02132,42.28010966,-71.15517084
Roxbury,02120,42.33098957,-71.09575259
Boston,02110,42.36035789,-71.05253364
East Boston,02128,42.37674949,-71.03939036
Roxbury,02118,42.33939955,-71.08085054
East Boston,02128,42.36627048,-71.03107837
Roxbury,02125,42.31660255,-71.07790558
West Roxbury,02132,42.27187968,-71.16723089
South End,02118,42.34148955,-71.08137054
Roslindale,02131,42.27913963,-71.12914078
Boston,02215,42.35201642,-71.1193674
Hyde Park,02126,42.2689496,-71.10915076
Allston / Brighton,02135,42.36187962,-71.13612061
Allston / Brighton,02135,42.34683965,-71.15426069
Allston / Brighton,02135,42.34600965,-71.15488069
Allston / Brighton,02135,42.34639966,-71.16680072
Dorchester,02125,42.31459953,-71.06108055
South Boston,02118,42.34399789,-71.05998125
Boston,02109,42.35755673,-71.05587111
Dorchester,02124,42.28883262,-71.07962026
Allston / Brighton,02134,42.36119962,-71.13591061
South Boston,02127,42.33153682,-71.05494064
Mission Hill,02120,42.33299959,-71.10968062
Back Bay,02116,42.35198955,-71.07948051
Allston / Brighton,02134,42.35983961,-71.1285106
Hyde Park,02131,42.26903963,-71.13161081
West Roxbury,02132,42.25689967,-71.1582009
Allston / Brighton,02135,42.34945964,-71.14971067
Boston,02116,42.34706038,-71.07536666
Back Bay,02116,42.35399954,-71.07358049
Dorchester,02122,42.30201952,-71.05191056
Dorchester,02125,42.31793952,-71.05706053
Hyde Park,02136,42.25671962,-71.12364082
Allston / Brighton,02135,42.35241965,-71.15828068
Boston,02116,42.34901057,-71.06929893
Dorchester,02121,42.30220954,-71.0725106
Hyde Park,02136,42.25671962,-71.12364082
Hyde Park,02136,42.25604962,-71.12349082
Hyde Park,02136,42.25611962,-71.12309082
Hyde Park,02136,42.25048961,-71.11266081
Downtown / Financial District,02108,42.35779952,-71.06018045
Boston,"02115",42.34102956,-71.08910455
East Boston,02128,42.38332148,-71.03893235
East Boston,02128,42.36868949,-71.03710038
Downtown / Financial District,02108,42.35907952,-71.05823045
Back Bay,02116,42.35358354,-71.07348449
Greater Mattapan,02126,42.26625958,-71.09718074
West Roxbury,02467,42.30105964,-71.14133076
Dorchester,02125,42.31256153,-71.06237956
Back Bay,02116,42.34849955,-71.07874051
Allston / Brighton,02134,42.35215962,-71.13600064
Dorchester,02124,42.29200954,-71.06659061
Roxbury,02118,42.33939955,-71.08085054
Beacon Hill,02114,42.35953954,-71.07112047
Dorchester,02126,42.27482955,-71.07531067
West Roxbury,02132,42.27108968,-71.16462088
Jamaica Plain,02130,42.31531959,-71.10376064
Downtown / Financial District,02113,42.36564752,-71.05813743
Boston,02111,42.35249953,-71.06416047
Downtown / Financial District,02109,42.36096108,-71.05494724
Charlestown,02129,42.38088414,-71.07125389
Jamaica Plain,02130,42.3107696,-71.11550068
Mission Hill,02120,42.33281959,-71.10563061
Allston / Brighton,02134,42.35703349,-71.13154039
Downtown / Financial District,02108,42.35684402,-71.06131148
West Roxbury,02132,42.26046966,-71.15226088
South End,02118,42.33633054,-71.07013052
Hyde Park,02136,42.26920362,-71.12118179
West Roxbury,02132,42.26046966,-71.15226088
Boston,02210,42.3504815,-71.04551944
West Roxbury,02132,42.28555968,-71.17065086
Roslindale,02132,42.28760965,-71.1453508
Allston,02134,42.35067962,-71.13138063
Beacon Hill,02114,42.35919953,-71.06927047
Downtown / Financial District,02113,42.36495052,-71.05723943
Boston,02116,42.3447368,-71.08048857
Allston / Brighton,02135,42.34358966,-71.16643072
Dorchester,02124,42.27924953,-71.05957063
Boston,02109,42.35926457,-71.05507187
Allston / Brighton,02134,42.34760963,-71.13789065
Roxbury,02119,42.31729596,-71.07996536
Hyde Park,02136,42.26113961,-71.1175608
Dorchester,02125,42.31464953,-71.06541056
Allston / Brighton,02135,42.34405964,-71.14548067
West Roxbury,02132,42.29618366,-71.15865381
Allston / Brighton,02135,42.34841966,-71.1610507
Roxbury,02119,42.32349955,-71.07771057
Allston / Brighton,02135,42.35209965,-71.15824069
Dorchester,02124,42.27510953,-71.06224064
Allston / Brighton,02134,42.36007961,-71.1288506
South End,02118,42.34242953,-71.0672305
Roxbury,02119,42.32899957,-71.0949006
South End,02118,42.34397353,-71.0665065
Roxbury,02121,42.31385957,-71.08926062
Allston / Brighton,02134,42.35921961,-71.1270906
Allston / Brighton,02134,42.36052961,-71.1299706
Back Bay,02116,42.34947955,-71.08070052
Mission Hill,02120,42.33429499,-71.08659629
Dorchester,02124,42.29212953,-71.0600106
Hyde Park,02136,42.26843961,-71.11967079
Roxbury,02119,42.31450979,-71.09798991
West Roxbury,02132,42.27032968,-71.16682089
Jamaica Plain,02130,42.31441229,-71.10300875
Dorchester,02125,42.31171951,-71.04936053
West Roxbury,02132,42.26052966,-71.15068087
Charlestown,02129,42.39369354,-71.06838638
Greater Mattapan,02126,42.27220958,-71.09671073
Greater Mattapan,02126,42.26943958,-71.09720773
Mission Hill,02115,42.33413038,-71.10430535
Greater Mattapan,02126,42.26802958,-71.09526073
Jamaica Plain,02130,42.30912605,-71.10409563
Fenway / Kenmore / Audubon Circle / Longwood,02215,42.34464015,-71.09867335
Fenway / Kenmore / Audubon Circle / Longwood,02215,42.34464189,-71.09694028
Charlestown,02129,42.39054653,-71.0701724
Dorchester,02124,42.29196953,-71.0604706
South Boston / South Boston Waterfront,02127,42.33081849,-71.03371545
South Boston / South Boston Waterfront,02127,42.32991949,-71.03542046
South Boston / South Boston Waterfront,02127,42.32972949,-71.03535046
Mission Hill,02120,42.33024958,-71.10329061
Downtown / Financial District,02108,42.35842952,-71.05768045
Boston,02111,42.35271853,-71.06414147
Greater Mattapan,02126,42.28084958,-71.0938907
Allston / Brighton,02135,42.34841966,-71.1610507
Roxbury,02118,42.34291211,-71.06433651
Dorchester,02124,42.28157955,-71.07569066
Roxbury,02118,42.34166026,-71.06731792
Back Bay,02116,42.35402955,-71.0786405
Greater Mattapan,02126,42.28219957,-71.09021069
Downtown / Financial District,02113,42.36689952,-71.05796043
Dorchester,02125,42.31136407,-71.06946518
Dorchester,02125,42.31917954,-71.06755056
Mission Hill,02120,42.33524958,-71.10124059
Downtown / Financial District,02114,42.36540952,-71.05867043
Dorchester,02125,42.31647952,-71.05703054
East Boston,02128,42.37850348,-71.03091134
Jamaica Plain,02119,42.31653958,-71.09918063
Charlestown,02129,42.38108954,-71.07148043
Greater Mattapan,02126,42.28084958,-71.0938907
Roxbury,02119,42.32308417,-71.08469101
Greater Mattapan,02126,42.27877956,-71.08514069
Downtown / Financial District,02110,42.35538357,-71.058563
West Roxbury,02131,42.30127963,-71.13317074
Hyde Park,02136,42.27372961,-71.11975077
Jamaica Plain,02130,42.32394959,-71.10868064
Back Bay,02115,42.35037956,-71.08707053
Mission Hill,02130,42.33168599,-71.11173901
Allston / Brighton,02135,42.33361365,-71.15314372
Dorchester,02124,42.28469954,-71.06780063
Allston / Brighton,02134,42.35177963,-71.14024065
Hyde Park,02136,42.24871962,-71.11735082
East Boston,02128,42.38150749,-71.03841935
Back Bay,02116,42.35297955,-71.0773605
Allston / Brighton,02134,42.36168962,-71.13229061
Back Bay,02116,42.34923953,-71.06806049
Dorchester,02122,42.29795952,-71.05158057
Back Bay,02116,42.35269955,-71.0768805
Brighton,02135,42.34704697,-71.14038767
South End,02118,42.34347953,-71.0680105
South End,02118,42.34368953,-71.0682605
Allston / Brighton,02134,42.34882962,-71.13734065
Roslindale,02131,42.28587963,-71.13092077
South End,02118,42.34383971,-71.0679197
Jamaica Plain,02130,42.3118496,-71.11290067
Roslindale,02131,42.29184963,-71.13529077
Mission Hill,02120,42.33180495,-71.09309109
West Roxbury,02132,42.28221967,-71.16312085
Dorchester,02124,42.29163754,-71.06647961
Allston / Brighton,02135,42.35519965,-71.16155069
Jamaica Plain,02130,42.31161962,-71.1263207
Roxbury,02119,42.33304422,-71.0732349
Jamaica Plain,02130,42.29086123,-71.10066839
South End,02116,42.34445955,-71.07776052
Roxbury,02119,42.32698955,-71.07605056
Back Bay,02116,42.35192955,-71.08352052
Beacon Hill,02114,42.35988253,-71.06423946
Hyde Park,02136,42.24839962,-71.11550082
East Boston,02128,42.38531946,-71.01345029
East Boston,02128,42.38528946,-71.01353029
Back Bay,02116,42.34859954,-71.07626051
East Boston,02128,42.37610949,-71.03351035
South End,02118,42.34459954,-71.0701005
Boston,02116,42.34945239,-71.08223736
Dorchester,02122,42.30580953,-71.06361058
Back Bay,02116,42.35309954,-71.0769405
Roxbury,02119,42.31428449,-71.09813801
Boston,02108,42.35780594,-71.06081041
Boston,02113,42.36338952,-71.05612043
Mission Hill,02120,42.32857959,-71.10802063
Boston,02115,42.34706456,-71.08564353
Brighton,02135,42.34212966,-71.16635073
Dorchester,02126,42.27482955,-71.07531067
Dorchester,02125,42.30905951,-71.04594053
Dorchester,02124,42.28103952,-71.05529061
South End,02116,42.3441233,-71.07777212
Dorchester,02125,42.31673954,-71.06877056
Roxbury,02121,42.30834738,-71.08211906
Back Bay,02116,42.35399554,-71.07205449
East Boston,02128,42.37523035,-71.03164731
Greater Mattapan,02126,42.2723679,-71.09389102
South End,02118,42.33806954,-71.06972052
Hyde Park,02136,42.25708962,-71.11949081
Roslindale,02131,42.27816949,-71.13638552
East Boston,02128,42.38431946,-71.01443029
Roslindale,02131,42.28290965,-71.14600081
Hyde Park,02136,42.2661896,-71.11119077
Greater Mattapan,02126,42.27656958,-71.09669072
Roxbury,02125,42.31859954,-71.07233057
Jamaica Plain,02119,42.31466324,-71.0977026
Back Bay,02116,42.35314954,-71.0767305
South Boston / South Boston Waterfront,02127,42.3347995,-71.04318047
South Boston / South Boston Waterfront,02127,42.34105951,-71.05244047
Mission Hill,02120,42.33259959,-71.10577061
Dorchester,02124,42.28126952,-71.05488061
Downtown / Financial District,02111,42.35257106,-71.06202212
South End,02118,42.34325954,-71.07250051
South End,02116,42.34541954,-71.07479051
Fenway / Kenmore / Audubon Circle / Longwood,02115,42.34065956,-71.08873055
West Roxbury,02132,42.29363967,-71.16119082
Back Bay,02116,42.35290954,-71.07272049
Allston / Brighton,02135,42.34376966,-71.16456072
Downtown / Financial District,02109,42.35862652,-71.05632044
Dorchester,02125,42.30835954,-71.06774058
Jamaica Plain,02130,42.31142959,-71.10894067
Jamaica Plain,02130,42.3127596,-71.11102067
South End,02118,42.33803354,-71.07171552
Back Bay,02108,42.35835954,-71.07199048
Boston,02210,42.35338951,-71.05284045
Jamaica Plain,02130,42.30138962,-71.12808073
South End,02116,42.34494954,-71.07379051
South Boston / South Boston Waterfront,02127,42.3323595,-71.03922046
West Roxbury,02132,42.28917965,-71.15046081
East Boston,02128,42.37945948,-71.02828033
Dorchester,02122,42.29670953,-71.05946059
Boston,02115,42.34311725,-71.08801803
Boston,02108,42.36029445,-71.0582705
Beacon Hill,02114,42.3576066,-71.06997254
Downtown / Financial District,02108,42.36116952,-71.05678044
Hyde Park,02136,42.25380962,-71.12259083
Hyde Park,02136,42.25421962,-71.12264082
Downtown / Financial District,02111,42.35139452,-71.05385245
Back Bay,02116,42.35093729,-71.07155831
Beacon Hill,02114,42.35920353,-71.06734047
West Roxbury,02132,42.27547968,-71.16503087
Allston / Brighton,02135,42.36254763,-71.14303963
Downtown / Financial District,02108,42.35777754,-71.06011022
Boston,02109,42.35589643,-71.05553138
Jamaica Plain,02130,42.30900959,-71.10981067
South End,02118,42.34178955,-71.07678053
Beacon Hill,02114,42.35938953,-71.06716046
South End,02116,42.34389955,-71.07928053
Roxbury,02120,42.33431956,-71.08419056
Greater Mattapan,02124,42.29495957,-71.09062066
Hyde Park,02136,42.24203969,-71.14068088
Dorchester,02122,42.30124952,-71.05167056
Dorchester,02122,42.30194954,-71.06694059
Downtown / Financial District,02113,42.36596951,-71.05438042
Hyde Park,02136,42.25986961,-71.1151308
Hyde Park,02126,42.2731146,-71.10921775
Boston,02116,42.34920954,-71.07513051
East Boston,02128,42.38147947,-71.0166403
Dorchester,02124,42.28165953,-71.06262063
Hyde Park,02136,42.25036961,-71.11437081
Jamaica Plain,02130,42.30641959,-71.10501067
South Boston / South Boston Waterfront,02127,42.33565951,-71.04987048
Mission Hill,02120,42.33153957,-71.09713059
Jamaica Plain,02130,42.3123696,-71.11108067
Jamaica Plain,02130,42.31415558,-71.10021564
Jamaica Plain,02130,42.30285155,-71.08764362
Mission Hill,02120,42.33717757,-71.09607958
Roslindale,02131,42.28142961,-71.11828075
Allston / Brighton,02135,42.35465967,-71.16973071
West Roxbury,02132,42.25689967,-71.1582009
West Roxbury,02132,42.26461967,-71.15791088
Downtown / Financial District,02111,42.35139452,-71.05385245
Fenway / Kenmore / Audubon Circle / Longwood,02215,42.34519957,-71.09676056
Dorchester,02121,42.30134955,-71.07700062
South Boston,02127,42.33893935,-71.0526717
Boston,02109,42.35837513,-71.05771731
Downtown / Financial District,02110,42.35521076,-71.05246028
Boston,02114,42.36562346,-71.05876688
South End,02118,42.33628954,-71.07379053
South End,02118,42.33639954,-71.07402053
East Boston,02128,42.38160947,-71.0172503
Hyde Park,02136,42.26295961,-71.11690079
Hyde Park,02136,42.24948961,-71.11345081
East Boston,02128,42.39028945,-71.00328025
Jamaica Plain,02130,42.3181012,-71.12569866
East Boston,02128,42.37973948,-71.02669033
East Boston,02128,42.37973948,-71.02669033
East Boston,02128,42.37745948,-71.03030034
Hyde Park,02136,42.24429964,-71.11683083
East Boston,02128,42.37993949,-71.03203034
Jamaica Plain,02120,42.33386756,-71.09593939
South Boston / South Boston Waterfront,02127,42.33570952,-71.05470049
Dorchester,02122,42.29610952,-71.05324057
Jamaica Plain,02130,42.31579,-71.1039875
Back Bay,02116,42.35083954,-71.0731105
East Boston,02128,42.37049949,-71.03593037
East Boston,02128,42.37064949,-71.03231036
Downtown / Financial District,02108,42.36167952,-71.05704044
Back Bay,02115,42.34358803,-71.08479283
Back Bay,02116,42.35462954,-71.0764605
Boston,02114,42.36724952,-71.05941043
Jamaica Plain,02130,42.32226958,-71.10413063
West Roxbury,02132,42.28222968,-71.16931087
West Roxbury,02132,42.27082969,-71.1726409
South End,02118,42.34278955,-71.07826053
Back Bay,02115,42.34568956,-71.08768054
Dorchester,02125,42.31198951,-71.04936053
Jamaica Plain,02130,42.32990959,-71.11154063
Charlestown,02129,42.37416953,-71.06365042
South End,02118,42.33866954,-71.07534053
Boston,02111,42.35221155,-71.06239205
Greater Mattapan,02126,42.27530959,-71.10151073
Roslindale,02131,42.27794962,-71.12435078
Mission Hill,02120,42.33696265,-71.09448874
Dorchester,02122,42.28804551,-71.05006259
Roxbury,02121,42.31669957,-71.09154061
Jamaica Plain,02130,42.3181012,-71.12569866
Jamaica Plain,02130,42.31432961,-71.12365069
Fenway / Kenmore / Audubon Circle / Longwood,02115,42.3381365,-71.09884498
Greater Mattapan,02124,42.29548464,-71.0910938
Greater Mattapan,02124,42.29527116,-71.09062438
Downtown / Financial District,02114,42.36426952,-71.05959044
South End,02118,42.34344953,-71.06466049
Hyde Park,02136,42.24320769,-71.14352789
Hyde Park,02136,42.25270961,-71.11612081
South Boston / South Boston Waterfront,02127,42.3310195,-71.04001047
West Roxbury,02132,42.27320108,-71.16786573
Dorchester,02126,42.27547955,-71.07267066
Downtown / Financial District,02109,42.35860952,-71.05683044
Fenway / Kenmore / Audubon Circle / Longwood,02215,42.34645957,-71.09390055
Fenway / Kenmore / Audubon Circle / Longwood,02215,42.34618357,-71.09423355
South End,02118,42.3425652,-71.06529886
South Boston,02127,42.33869376,-71.05692027
Boston,02111,42.3534275,-71.059506
Hyde Park,02131,42.26916963,-71.13167081
Fenway / Kenmore / Audubon Circle / Longwood,02215,42.35051858,-71.09995256
Allston / Brighton,02135,42.34932965,-71.15376068
Greater Mattapan,02124,42.28296956,-71.08376067
Beacon Hill,02114,42.36044053,-71.06310545
Boston,02116,42.34657869,-71.07535827
Boston,02116,42.34657869,-71.07535827
Back Bay,02116,42.34861751,-71.08362037
Jamaica Plain,02130,42.30775961,-71.1191707
Dorchester,02122,42.29563952,-71.05603058
Hyde Park,02136,42.25865962,-71.12541082
Roxbury,02119,42.32810635,-71.06823309
Charlestown,02129,42.37729952,-71.05953041
East Boston,02128,42.37059949,-71.03236036
Downtown / Financial District,02109,42.36184851,-71.05301743
Beacon Hill,02108,42.35727954,-71.07136048
Charlestown,02129,42.37986507,-71.06526779
Charlestown,02129,42.3748291,-71.05497975
Back Bay,02116,42.34550955,-71.08107053
Back Bay,02116,42.34957113,-71.07426941
Back Bay,02115,42.35110956,-71.08597052
East Boston,02128,42.38554283,-71.02181226
East Boston,02128,42.38554547,-71.02256531
East Boston,02128,42.38686536,-71.00943983
Roslindale,02131,42.2852896,-71.11126073
Roxbury,02119,42.32374955,-71.07822057
South End,02118,42.33745954,-71.07514053
East Boston,02128,42.39227945,-71.00359025
East Boston,02128,42.38520947,-71.0194603
Boston,02116,42.34724773,-71.07887014
Allston / Brighton,02134,42.35176962,-71.13148063
Hyde Park,02136,42.23989969,-71.13783088
Charlestown,02129,42.37867012,-71.05931201
Fenway / Kenmore / Audubon Circle / Longwood,02215,42.34932957,-71.09458055
Back Bay,02116,42.35093729,-71.07155831
Brighton,02135,42.33386731,-71.16724907
Mattapan,02126,42.27248959,-71.10091073
South End,02118,42.34204953,-71.0676505
South End,02118,42.33699954,-71.07572053
Jamaica Plain,02130,42.3066296,-71.1175907
East Boston,02128,42.39202781,-71.0027524
Greater Mattapan,02126,42.27400957,-71.0856507
Allston / Brighton,02134,42.35324279,-71.13664969
West Roxbury,02132,42.27627968,-71.16859088
Back Bay,02116,42.3451657,-71.08104109
West Roxbury,02136,42.26023965,-71.14681087
Allston,02134,42.35947426,-71.13409318
South Boston / South Boston Waterfront,02127,42.34094213,-71.0497531
Beacon Hill,02114,42.3609378,-71.06893132
Greater Mattapan,02124,42.28658957,-71.08842068
Jamaica Plain,02130,42.30203484,-71.11344922
Dorchester,02121,42.30150955,-71.07782062
Jamaica Plain,02130,42.31389959,-71.10400065
Roxbury,02118,42.34352666,-71.06485723
Roxbury,02121,42.31460956,-71.08715061
Dorchester,02124,42.27689953,-71.06093063
Dorchester,02124,42.27571953,-71.06165064
Boston,02116,42.3498974,-71.08045552
South Boston,02127,42.33586055,-71.04585421
Allston / Brighton,02135,42.34635562,-71.16837395
West Roxbury,02132,42.26140966,-71.15432088
South Boston,02127,42.33732072,-71.05779193
Dorchester,02125,42.31403954,-71.07106057
Jamaica Plain,02130,42.3066796,-71.11323069
Dorchester,02122,42.28084036,-71.0468661
Boston,02108,42.36128053,-71.05726818
Hyde Park,02136,42.2366897,-71.12809086
Hyde Park,02136,42.23328436,-71.13860931
South Boston,02127,42.34284309,-71.05468373
East Boston,02128,42.37670949,-71.03566736
Jamaica Plain,02130,42.31009959,-71.10643066
Jamaica Plain,02130,42.31048057,-71.10675222
Dorchester,02125,42.31974695,-71.07501713
Dorchester,02125,42.31778952,-71.05808054
Back Bay,02115,42.35107956,-71.08772053
Jamaica Plain,02130,42.31158958,-71.10328065
Allston / Brighton,02135,42.34896965,-71.15323068
South Boston / South Boston Waterfront,02127,42.33752952,-71.05649049
South End,02118,42.34119954,-71.07048051
Dorchester,02122,42.29679952,-71.05171057
Back Bay,02115,42.35092956,-71.08652053
Jamaica Plain,02130,42.31620959,-71.10597065
South End,02118,42.34232954,-71.07291052
Greater Mattapan,02126,42.28738958,-71.09411069
Allston,02134,42.35369447,-71.13034205
Back Bay,02115,42.34526956,-71.08478054
Dorchester,02125,42.31485952,-71.05917055
Back Bay,02116,42.34919955,-71.08174052
Boston,02215,42.34735587,-71.09132468
Roslindale,02131,42.29223238,-71.12165734
Roxbury,02119,42.32968112,-71.07097679
Mission Hill,02120,42.33081957,-71.0977706
Jamaica Plain,02130,42.30782864,-71.11579628
Mission Hill,02120,42.33066958,-71.0980706
Boston,02109,42.36049327,-71.05494311
Dorchester,02124,42.28554778,-71.08262029
Greater Mattapan,02124,42.29353956,-71.08266065
Jamaica Plain,02130,42.32590958,-71.10057061
Boston,02116,42.34822809,-71.07194739
Dorchester,02124,42.27244954,-71.06821066
South End,02118,42.34269954,-71.06932051
South Boston / South Boston Waterfront,02127,42.33660412,-71.05205484
South Boston / South Boston Waterfront,02127,42.3366795,-71.04143046
Allston / Brighton,02135,42.35174964,-71.15153067
South End,02116,42.34382955,-71.07917053
Boston,02111,42.35387395,-71.05904258
Roxbury,02119,42.32987955,-71.07989056
Roslindale,02131,42.27994961,-71.12018076
Greater Mattapan,02124,42.28802956,-71.08532066
East Boston,02128,42.37696449,-71.03397935
Roxbury,02119,42.31852956,-71.0858906
Roslindale,02131,42.29089962,-71.12832076
East Boston,02128,42.37070949,-71.03810037
Jamaica Plain,02130,42.30809878,-71.10278776
Back Bay,02116,42.35336391,-71.08193633
Downtown / Financial District,02113,42.36788952,-71.05587042
East Boston,02128,42.37710949,-71.03371035
Jamaica Plain,02130,42.30941065,-71.10676037
Back Bay,02115,42.34868055,-71.08410253
Roxbury,02119,42.32802957,-71.09201059
Roxbury,02119,42.32187701,-71.09934768
Dorchester,02124,42.29005952,-71.05639059
Fenway / Kenmore / Audubon Circle / Longwood,02115,42.33773258,-71.09918558
Dorchester,02124,42.29058057,-71.08322866
Hyde Park,02136,42.25293962,-71.12521083
Jamaica Plain,02130,42.29737176,-71.11571339
Jamaica Plain,02130,42.29737176,-71.11571339
Downtown / Financial District,02111,42.35292453,-71.06232547
Roslindale,02131,42.28548964,-71.13723079
Hyde Park,02136,42.2688396,-71.11219077
Greater Mattapan,02126,42.28724958,-71.09406069
Jamaica Plain,02130,42.30674483,-71.11084556
Hyde Park,02136,42.2529196,-71.1106708
Greater Mattapan,02121,42.29655158,-71.08065483
Dorchester,02125,42.3206765,-71.06189073
Beacon Hill,02114,42.35955953,-71.06325046
Hyde Park,02136,42.25611962,-71.12426082
Allston / Brighton,02135,42.33628676,-71.15232107
Back Bay,02116,42.35206955,-71.08403052
Back Bay,02116,42.35242956,-71.08461052
Back Bay,02115,42.35161956,-71.08572052
West Roxbury,02132,42.28631966,-71.15530083
Hyde Park,02136,42.25472877,-71.1255712
West Roxbury,02132,42.28329968,-71.16854086
West Roxbury,02132,42.27219168,-71.16664388
Jamaica Plain,02130,42.31702517,-71.11388257
Roxbury,02118,42.33829918,-71.07917028
Downtown / Financial District,02113,42.36594952,-71.05819043
Back Bay,02116,42.34957113,-71.07426941
Jamaica Plain,02130,42.29586644,-71.11419063
Jamaica Plain,02130,42.2959916,-71.11404571
Boston,02109,42.35875038,-71.05620002
Charlestown,02129,42.37342052,-71.06106942
South Boston / South Boston Waterfront,02118,42.32836954,-71.06761053
Roxbury,02119,42.32891854,-71.07115354
Allston / Brighton,02134,42.361244,-71.11741201
South Boston / South Boston Waterfront,02127,42.33551952,-71.05494049
Allston / Brighton,02134,42.35215962,-71.13600064
Back Bay,02116,42.35194955,-71.08449052
South Boston / South Boston Waterfront,02127,42.3314795,-71.04099047
South Boston / South Boston Waterfront,02210,42.35045042,-71.04697503
Charlestown,02129,42.37729952,-71.05953041
Greater Mattapan,02126,42.27171959,-71.10198074
Allston / Brighton,02135,42.34868965,-71.15754069
Downtown / Financial District,02113,42.36803952,-71.05606042
South Boston / South Boston Waterfront,02127,42.33796835,-71.03876218
Beacon Hill,02114,42.36058953,-71.06401045
Dorchester,02125,42.31294952,-71.05357054
Roxbury,02118,42.33345301,-71.07288292
Charlestown,02129,42.38029657,-71.06924298
Back Bay,02114,42.36317953,-71.06569445
East Boston,02128,42.38159948,-71.03046033
East Boston,02128,42.37770509,-71.02990903
East Boston,02128,42.37237949,-71.03503036
East Boston,02128,42.37627949,-71.03332035
Back Bay,02116,42.34609955,-71.08033052
East Boston,02128,42.37088949,-71.03328036
South Boston / South Boston Waterfront,02127,42.3366795,-71.04143046
Roslindale,02131,42.28733924,-71.10900509
Dorchester,02124,42.28653754,-71.07096064
West Roxbury,02132,42.28197966,-71.15327083
Back Bay,02114,42.35820954,-71.07076048
Dorchester,02126,42.27183054,-71.06845466
West Roxbury,02132,42.29314748,-71.17644888
Boston,02115,42.33742001,-71.10641279
Charlestown,02129,42.37958953,-71.06958042
Hyde Park,02136,42.26082961,-71.11570079
Charlestown,02129,42.38496349,-71.07813254
Downtown / Financial District,02110,42.35487952,-71.05882046
Allston / Brighton,02134,42.35768962,-71.13703062
Allston / Brighton,02134,42.34885663,-71.13764965
West Roxbury,02132,42.26296966,-71.15475088
East Boston,02128,42.37213949,-71.03879037
East Boston,02128,42.3791217,-71.03001841
Greater Mattapan,02126,42.28034957,-71.08987069
Jamaica Plain,02130,42.30799958,-71.10005065
South End,02118,42.33743954,-71.06895052
Roxbury,02119,42.32690254,-71.07209155
Dorchester,02125,42.31118953,-71.05957055
South Boston / South Boston Waterfront,02127,42.33452951,-71.04845048
Back Bay,02116,42.35385955,-71.0773205
West Roxbury,02132,42.27170969,-71.1721109
West Roxbury,02132,42.26654967,-71.16076088
Boston,02108,42.35798952,-71.06161046
Jamaica Plain,02130,42.31738959,-71.10782065
Roxbury,02121,42.30650955,-71.07928061
Charlestown,02129,42.37896953,-71.06423041
South Boston / South Boston Waterfront,02127,42.33104953,-71.06266052
South End,02118,42.34141054,-71.07514952
Back Bay,02116,42.34859491,-71.06983113
Boston,02116,42.3455257,-71.0753604
Dorchester,02121,42.30127955,-71.07823062
Allston / Brighton,02135,42.34584666,-71.16278071
Allston / Brighton,02135,42.34655966,-71.16175371
East Boston,02128,42.37623383,-71.03965942
Allston / Brighton,02134,42.34853962,-71.13567064
East Boston,02128,42.37923949,-71.03507035
Jamaica Plain,02130,42.32083591,-71.10278941
Back Bay,02116,42.35060955,-71.07967051
Roslindale,02131,42.28119961,-71.11743075
Brighton,02135,42.33386731,-71.16724907
South Boston / South Boston Waterfront,02127,42.32913952,-71.05670051
Downtown / Financial District,02113,42.36332751,-71.05418343
Brighton,02135,42.35472965,-71.15898268
Charlestown,02129,42.37546643,-71.06944455
Allston / Brighton,02135,42.35636966,-71.16647069
Dorchester,02124,42.29113953,-71.0612406
Allston / Brighton,02135,42.33862965,-71.15623071
Jamaica Plain,02130,42.31473509,-71.11484373
Allston / Brighton,02135,42.34727963,-71.14134066
Roxbury,02118,42.33976094,-71.08240475
South End,02118,42.34010955,-71.07978054
South End,02118,42.33965954,-71.07483053
Roxbury,02118,42.34286012,-71.0714306
South End,02118,42.33993955,-71.08010054
Jamaica Plain,02130,42.30506962,-71.12801072
Dorchester,02122,42.29752153,-71.04768091
West Roxbury,02132,42.29128967,-71.16438084
Boston,02109,42.35837513,-71.05771731
Beacon Hill,02114,42.36061953,-71.06587046
Roslindale,02131,42.30111283,-71.13122842
Jamaica Plain,02130,42.29561688,-71.11439173
Jamaica Plain,02130,42.2949396,-71.11517072
South Boston,02127,42.33488846,-71.0126084
Allston / Brighton,02135,42.35618966,-71.16257069
Allston / Brighton,02135,42.33638964,-71.1509207
Jamaica Plain,02130,42.32016959,-71.10768064
Back Bay,02116,42.35314954,-71.0767305
Jamaica Plain,02130,42.31738959,-71.10782065
Allston / Brighton,02135,42.34491964,-71.15168069
Roxbury,02118,42.33749955,-71.07858054
Boston,02114,42.36266221,-71.06717559
Allston / Brighton,02135,42.33638964,-71.1509207
Back Bay,02116,42.35309954,-71.0769405
Boston,02111,42.35055297,-71.06065428
Jamaica Plain,02131,42.2866096,-71.11440073
South End,02118,42.34125954,-71.07615053
Brighton,02135,42.34033464,-71.14894829
Greater Mattapan,02126,42.26807958,-71.09413073
Downtown / Financial District,02114,42.36600771,-71.05873129
Dorchester,02124,42.29402954,-71.06821061
Beacon Hill,02114,42.36131953,-71.06964047
Mission Hill,02120,42.33459821,-71.08639405
Charlestown,02129,42.37789952,-71.06155041
Allston / Brighton,02135,42.35099964,-71.14917067
Boston,02114,42.36593761,-71.06329293
Beacon Hill,02114,42.3591669,-71.06759773
Jamaica Plain,02130,42.30799958,-71.10005065
Hyde Park,02136,42.24246969,-71.14197088
Jamaica Plain,02130,42.30323959,-71.10405067
Allston / Brighton,02135,42.34360964,-71.14545068
Boston,02114,42.36136611,-71.06656352
Allston / Brighton,02135,42.34033964,-71.14994069
Back Bay,02116,42.34930953,-71.06742049
Roslindale,02131,42.29004963,-71.13280077
Dorchester,02124,42.28165956,-71.08130067
Jamaica Plain,02130,42.32262553,-71.10404201
Charlestown,02129,42.38356954,-71.07435043
Boston,02111,42.35396132,-71.0597124
Back Bay,02115,42.35046956,-71.08842053
Allston / Brighton,02135,42.36141963,-71.14130063
Charlestown,02129,42.37715953,-71.06566042
Brighton,02135,42.33386731,-71.16724907
Roslindale,02131,42.28559106,-71.11898573
Jamaica Plain,02130,42.31873958,-71.10400064
West Roxbury,02132,42.29271967,-71.16152083
Jamaica Plain,02130,42.30649806,-71.12247364
Dorchester,02125,42.31122631,-71.05739318
Back Bay,02116,42.35119955,-71.07892051
Allston / Brighton,02134,42.34674062,-71.13626465
East Boston,02128,42.36828949,-71.03427037
Dorchester,02124,42.28997954,-71.06650062
Boston,02116,42.3455257,-71.0753604
Hyde Park,02136,42.2520796,-71.1098708
Back Bay,02116,42.34558955,-71.08027052
Allston / Brighton,02135,42.35529765,-71.16037168
Roslindale,02131,42.27502962,-71.12772079
Roxbury,02119,42.32119833,-71.08159634
Allston / Brighton,02134,42.34935962,-71.13385164
Dorchester,02122,42.29724952,-71.05755058
Roxbury,02118,42.34558701,-71.06672632
South End,02118,42.33790954,-71.07020052
Charlestown,02129,42.37530737,-71.05584853
Hyde Park,02136,42.26256961,-71.1189408
Boston,02116,42.35212508,-71.06532843
Allston / Brighton,02135,42.36001964,-71.14743064
Dorchester,02125,42.31192953,-71.06629057
Charlestown,02129,42.38221954,-71.07906044
Allston / Brighton,02135,42.35957963,-71.14665064
Allston / Brighton,02135,42.35970963,-71.14655064
Boston,02210,42.35201013,-71.04708258
Boston,02111,42.35051763,-71.05995319
West Roxbury,02132,42.29640667,-71.15720283
East Boston,02128,42.36926949,-71.03661037
Dorchester,02124,42.28826953,-71.06221061
West Roxbury,02132,42.28960967,-71.15906083
Dorchester,02124,42.28456256,-71.08048866
Hyde Park,02136,42.25222115,-71.10967099
Dorchester,02122,42.28722952,-71.05288059
Dorchester,02122,42.30117952,-71.05126056
Dorchester,02124,42.27494953,-71.06239064
Dorchester,02124,42.27510953,-71.06224064
Allston / Brighton,02135,42.34726965,-71.15744069
Jamaica Plain,02130,42.2973296,-71.11354071
West Roxbury,02132,42.26933966,-71.14961085
Boston,02110,42.35266383,-71.05356695
West Roxbury,02132,42.26365966,-71.15042087
Downtown / Financial District,02111,42.35139452,-71.05385245
Roslindale,02131,42.27708962,-71.12811079
Charlestown,02129,42.37902053,-71.07109746
Greater Mattapan,02126,42.27903956,-71.08265068
Jamaica Plain,02130,42.3119585,-71.09872204
Hyde Park,02136,42.26048961,-71.1193908
Hyde Park,02136,42.24764962,-71.11637082
Dorchester,02124,42.29542955,-71.07372062
West Roxbury,02132,42.29017968,-71.16806085
Charlestown,02129,42.38983153,-71.0705574
West Roxbury,02132,42.25935842,-71.15887177
Charlestown,02129,42.37692953,-71.06856043
Allston / Brighton,02135,42.33773965,-71.1526007
Roslindale,02131,42.28357963,-71.13063078
West Roxbury,02132,42.25989967,-71.15917089
Downtown / Financial District,02113,42.36625951,-71.05317042
Dorchester,02122,42.30670953,-71.06118057
Roslindale,02131,42.2881596,-71.10842072
Allston / Brighton,02135,42.34684965,-71.15388069
Roxbury,02119,42.31428449,-71.09813801
Allston / Brighton,02135,42.34033964,-71.14994069
Downtown / Financial District,02109,42.36743252,-71.05488742
Allston / Brighton,02135,42.34894963,-71.14022065
Charlestown,02129,42.38138967,-71.07296081
Jamaica Plain,02130,42.30876301,-71.09967989
Charlestown,02129,42.38131425,-71.07267137
Boston,02115,42.33629652,-71.08842409
Allston / Brighton,02134,42.35481162,-71.13852763
Allston / Brighton,02135,42.34695967,-71.16985072
Allston / Brighton,02135,42.33638964,-71.1509207
Allston / Brighton,02135,42.34894963,-71.14022065
West Roxbury,02132,42.28016966,-71.15505084
Back Bay,02115,42.35108956,-71.08605053
Allston / Brighton,02135,42.34071964,-71.14725069
Jamaica Plain,02130,42.31081962,-71.13195072
South Boston / South Boston Waterfront,02127,42.33250649,-71.03161044
South Boston / South Boston Waterfront,02127,42.33263951,-71.04841048
South Boston / South Boston Waterfront,02127,42.33206649,-71.03305045
Roxbury,02119,42.32264957,-71.0922406
West Roxbury,02132,42.26181867,-71.15810889
Hyde Park,02136,42.26298961,-71.1187008
Dorchester,02124,42.29837954,-71.07132061
Charlestown,02129,42.37825952,-71.0570804
Greater Mattapan,02124,42.29559957,-71.09219066
East Boston,02128,42.38689945,-71.00695027
Dorchester,02122,42.29266953,-71.0599506
West Roxbury,02132,42.26225966,-71.15157087
Allston / Brighton,02135,42.35209965,-71.15824069
Allston / Brighton,02135,42.33279965,-71.15396572
Allston / Brighton,02135,42.34301263,-71.14279367
Jamaica Plain,02130,42.3238956,-71.11373965
South Boston / South Boston Waterfront,02127,42.33916951,-71.04950047
Mission Hill,02120,42.32972158,-71.10467961
East Boston,02128,42.38531946,-71.01345029
East Boston,02128,42.38686536,-71.00943983
Allston / Brighton,02135,42.35439966,-71.1671207
East Boston,02128,42.39252945,-71.00457025
Dorchester,02124,42.29232953,-71.0598406
East Boston,02128,42.38994944,-70.99931025
Beacon Hill,02108,42.35688354,-71.07163448
West Roxbury,02467,42.30105964,-71.14133076
Back Bay,02115,42.34337955,-71.08295054
Allston / Brighton,02135,42.3363532,-71.14999884
West Roxbury,02132,42.27036943,-71.14739014
Greater Mattapan,02121,42.30178955,-71.08015062
Dorchester,02124,42.28137835,-71.05898691
Dorchester,02121,42.30514954,-71.0713906
Jamaica Plain,02130,42.30882958,-71.09983065
Hyde Park,02136,42.2398239,-71.13138162
Dorchester,02124,42.27510953,-71.06224064
Greater Mattapan,02124,42.28838757,-71.09041567
Jamaica Plain,02130,42.31081962,-71.13195072
Roxbury,02119,42.32754957,-71.09280059
Dorchester,02122,42.30498953,-71.06493058
South End,02118,42.34338497,-71.0633049
Roslindale,02131,42.27400962,-71.12404078
West Roxbury,02132,42.28631966,-71.15530083
South End,02118,42.34264829,-71.07025528
Dorchester,02124,42.28688657,-71.07807693
Boston,02116,42.34405955,-71.07958053
South Boston / South Boston Waterfront,02127,42.34048951,-71.05072047
Allston / Brighton,02135,42.34684965,-71.15388069
Allston / Brighton,02135,42.34621965,-71.15420069
Roslindale,02131,42.28577139,-71.12977108
Hyde Park,02136,42.26245962,-71.12444081
Back Bay,02116,42.35230955,-71.07982551
East Boston,02128,42.3707595,-71.03955038
Allston / Brighton,02135,42.34584666,-71.16278071
Boston,02116,42.3518675,-71.06921341
South Boston / South Boston Waterfront,02127,42.33507316,-71.05720518
Boston,02115,42.33629652,-71.08842409
Hyde Park,02136,42.2698522,-71.12051347
Back Bay,02115,42.35053956,-71.08818053
Hyde Park,02136,42.25053145,-71.12921078
Hyde Park,02136,42.26814963,-71.13104081
West Roxbury,02132,42.28849968,-71.17152086
Allston / Brighton,02134,42.35565962,-71.13334062
West Roxbury,02132,42.27656968,-71.16515087
Jamaica Plain,02130,42.31202962,-71.12730071
South Boston / South Boston Waterfront,02127,42.33219551,-71.04686248
East Boston,02128,42.38332148,-71.03893235
East Boston,02128,42.38332148,-71.03893235
East Boston,02128,42.37024349,-71.03878138
East Boston,02128,42.37101642,-71.03942408
East Boston,02128,42.36868949,-71.03710038
Hyde Park,02136,42.24665965,-71.12830085
Allston / Brighton,02134,42.36167961,-71.1319806
Mission Hill,02120,42.33618702,-71.09389967
Jamaica Plain,02130,42.31374732,-71.10490592
Back Bay,02116,42.34943953,-71.06760049
Hyde Park,02126,42.2645096,-71.10840077
East Boston,02128,42.37604949,-71.03319035
Hyde Park,02136,42.23632971,-71.13665088
Back Bay,02116,42.35242955,-71.0778605
Back Bay,02116,42.34887954,-71.06925049
Greater Mattapan,02126,42.27736957,-71.0908107
West Roxbury,02132,42.28744766,-71.15580983
East Boston,02128,42.37024949,-71.03756037
East Boston,02128,42.37018949,-71.03763037
Roxbury,02118,42.33346307,-71.07237117
Greater Mattapan,02126,42.27130957,-71.0853707
West Roxbury,02132,42.29087964,-71.14424079
Downtown / Financial District,02111,42.35474952,-71.06151046
South Boston / South Boston Waterfront,02127,42.33531714,-71.05519958
Mission Hill,02120,42.33130958,-71.0982806
Hyde Park,02136,42.26286562,-71.1223588
Hyde Park,02136,42.24646963,-71.11495082
Jamaica Plain,02130,42.3295422,-71.11136906
Beacon Hill,02114,42.35955953,-71.06325046
West Roxbury,02132,42.26381766,-71.15399987
Mission Hill,02120,42.33524958,-71.10124059
Hyde Park,02136,42.2425036,-71.12060527
Hyde Park,02136,42.25596963,-71.12764083
East Boston,02128,42.3773595,-71.04017036
West Roxbury,02467,42.29694966,-71.15798081
Allston / Brighton,02135,42.35037123,-71.16704222
Roxbury,02119,42.33304422,-71.0732349
Hyde Park,02136,42.25246962,-71.12096082
Brighton,02467,42.33511551,-71.15061148
Roxbury,02119,42.31741351,-71.07881835
East Boston,02128,42.36990749,-71.03791338
Back Bay,02116,42.34609955,-71.08033052
Roxbury,02121,42.30820955,-71.0774206
West Roxbury,02132,42.27647968,-71.16558087
Greater Mattapan,02126,42.2756296,-71.10740074
Back Bay,02116,42.34470955,-71.08046053
Roxbury,02119,42.31790958,-71.09742062
Roslindale,02131,42.28273856,-71.14582515
Allston / Brighton,02134,42.34883562,-71.13493364
Allston / Brighton,02135,42.34405964,-71.14548067
Allston / Brighton,02134,42.34847962,-71.13627064
Allston / Brighton,02134,42.34847962,-71.13627064
Charlestown,02129,42.38121955,-71.08019045
Beacon Hill,02108,42.35784953,-71.06866047
Allston / Brighton,02135,42.34558966,-71.16293071
Allston / Brighton,02135,42.34424966,-71.16464072
Allston / Brighton,02135,42.34640366,-71.16683872
Charlestown,02129,42.37210652,-71.06276143
Fenway / Kenmore / Audubon Circle / Longwood,02215,42.34603357,-71.09437356
South Boston / South Boston Waterfront,02127,42.33280951,-71.05084049
Back Bay,02215,42.34859956,-71.09057054
Allston / Brighton,02134,42.35301962,-71.13645063
East Boston,02128,42.3773182,-71.03972512
Greater Mattapan,02121,42.30155056,-71.08352263
Chestnut Hill,02467,42.29640667,-71.15720283
Jamaica Plain,02130,42.3070396,-71.11244068
Back Bay,02116,42.35269955,-71.0768805
Boston,02110,42.35437951,-71.05164044
Boston,02210,42.35219421,-71.04874908
Back Bay,02108,42.35783954,-71.07058048
Beacon Hill,02114,42.35935953,-71.06964047
Dorchester,02124,42.29196953,-71.0604706
Charlestown,02129,42.37516952,-71.05898041
Greater Mattapan,02126,42.26530958,-71.09704074
Boston,02118,42.33696273,-71.08740206
Roslindale,02131,42.28414962,-71.12915077
East Boston,02128,42.38989944,-70.99673025
Jamaica Plain,02130,42.30913655,-71.11582882
East Boston,02128,42.38698946,-71.00897027
Dorchester,02124,42.28816954,-71.06609062
Dorchester,02122,42.29220953,-71.0616906
Brighton,02135,42.34212966,-71.16635073
Hyde Park,02136,42.24458566,-71.12992486
Jamaica Plain,02130,42.30953961,-71.1206607
Dorchester,02122,42.29377953,-71.05870059
South End,02118,42.34643953,-71.06499049
Charlestown,02129,42.37761646,-71.05315312
Greater Mattapan,02124,42.29372957,-71.08972066
Dorchester,02124,42.29291953,-71.0630106
Mattapan,02126,42.26795188,-71.09446984
South End,02118,42.34291954,-71.07261051
East Boston,02128,42.38809946,-71.00899027
Allston / Brighton,02135,42.34635562,-71.16837395
Back Bay,02115,42.35010956,-71.08801053
Roslindale,02131,42.28755964,-71.14146079
Dorchester,02121,42.30812956,-71.08725062
South Boston / South Boston Waterfront,02127,42.33625952,-71.05357049
South End,02118,42.34343954,-71.07064051
Greater Mattapan,02126,42.28106957,-71.09052069
Roxbury,02118,42.34172058,-71.06710035
Roxbury,02118,42.34147612,-71.06667224
South End,02118,42.34300954,-71.07119051
Hyde Park,02136,42.23401972,-71.13405087
Allston / Brighton,02134,42.35535126,-71.13363946
Back Bay,02116,42.35274955,-71.0782405
Boston,02111,42.35124952,-71.05663046
Dorchester,02124,42.29243957,-71.08907066
Greater Mattapan,02124,42.29308957,-71.08888066
Allston / Brighton,02135,42.34328964,-71.14583068
Mission Hill,02120,42.33026835,-71.08606631
Roxbury,02118,42.33676388,-71.07700736
Mission Hill,02120,42.33100491,-71.08793042
Beacon Hill,02114,42.35955954,-71.07143047
Dorchester,02122,42.28861952,-71.05341059
Dorchester,02122,42.29649953,-71.05864059
Back Bay,02116,42.35410954,-71.0764105
Greater Mattapan,02126,42.27794958,-71.09598071
South End,02118,42.33938445,-71.06493891
Back Bay,02116,42.35278955,-71.0780705
Boston,02215,42.34383374,-71.09937867
Mission Hill,02120,42.33723767,-71.09731409
South Boston / South Boston Waterfront,02127,42.33365951,-71.04636048
Boston,02109,42.35926457,-71.05507187
Downtown / Financial District,02111,42.35245452,-71.05675246
Dorchester,02124,42.28131953,-71.05902062
Downtown / Financial District,02109,42.35758912,-71.05394014
Hyde Park,02136,42.25944962,-71.12351081
Downtown / Financial District,02111,42.35272952,-71.06124047
Greater Mattapan,02126,42.27877956,-71.08514069
Roxbury,02119,42.32394709,-71.08450148
Allston,02134,42.36037617,-71.12272993
Dorchester,02122,42.29271953,-71.0597706
Dorchester,02121,42.30695813,-71.08275403
Beacon Hill,02114,42.35935953,-71.06964047